date,open,high,low,close,volume,Sentiment
11/1/2017,309.4,321.45,309.4,319.85,34907283,0
11/2/2017,320,323.15,313.55,314.35,23110527,0
11/3/2017,315.45,327.5,312.6,325,26898400,0
11/6/2017,323.6,330,321.45,329,17143407,1
11/7/2017,328.95,331.7,315.5,317.2,21883541,0
11/8/2017,318,319.3,306.65,309.55,20242447,0
11/9/2017,313.15,318,308.2,313.7,21846178,-1
11/10/2017,315,338.5,309.5,333.55,82984969,1
11/13/2017,336.75,344.8,329.75,331.05,38777555,0
11/14/2017,330.35,334.7,327.5,329.1,25647162,-1
11/15/2017,328,331.15,322.25,324.95,17389606,0
11/16/2017,327.4,334.2,323.65,333.4,22506014,0
11/17/2017,345,346.7,336,337.5,26518142,0
11/20/2017,337.1,337.15,331.25,333,13507662,0
11/21/2017,335,335.4,330,330.65,14189920,0
11/22/2017,330.85,339.65,327,335.3,22861716,0
11/23/2017,335.5,336.65,331.65,334.95,13338423,0
11/24/2017,336,337,331.5,332.4,11716981,0
11/27/2017,329.9,337,328.05,335.65,13114683,0
11/28/2017,336,336.7,331.2,332,16054996,0
11/29/2017,332.35,334.85,327.2,328.9,11264624,0
11/30/2017,325.8,326.5,318.5,320.35,27276288,1
12/1/2017,321.5,322.3,311.25,312.75,16425620,0
12/4/2017,314.7,315.95,311.15,313.6,13887727,0
12/5/2017,312.5,320.7,308.8,319.1,15130931,0
12/6/2017,316.7,317.4,311.5,312.4,18658202,0
12/7/2017,312.5,317.75,312.45,316.4,12278558,0
12/8/2017,316.6,318.85,312.1,313.1,16418832,0
12/11/2017,315.95,319.3,315.1,318.4,14014369,0
12/12/2017,317.75,320.5,314.65,318.45,17658856,0
12/13/2017,316.15,318.95,311.15,313.3,17540585,1
12/14/2017,314.3,315.4,309.5,314,13894451,0
12/15/2017,318.4,319.35,311.5,312.25,16050711,0
12/18/2017,308,323.5,300.4,318.9,32119915,1
12/19/2017,319.45,322.25,318.4,319.8,14741481,0
12/20/2017,319,319,316.5,317.5,9895770,0
12/21/2017,316.6,318.2,315.4,316.75,9916409,0
12/22/2017,317.1,323.85,316.5,319.85,13821639,0
12/26/2017,318.6,319.95,316.3,317.15,9329690,0
12/27/2017,316.5,320.3,313.05,314.85,14276027,1
12/28/2017,315.3,316.5,307.65,308.4,20353152,0
12/29/2017,310,312,309.05,309.9,11939569,0
1/1/2018,310.6,312.75,306.3,307.1,12182400,-1
1/2/2018,309,309,301.35,303.25,14797364,0
1/3/2018,305.3,306.45,302.15,302.85,13857373,0
1/4/2018,304.5,310.2,303.15,308.5,24517099,0
1/5/2018,311.4,311.4,305.6,306.35,14580575,0
1/8/2018,307.2,309.5,305,305.8,13557197,0
1/9/2018,307.5,309.5,303.3,304.3,15574755,0
1/10/2018,304.65,305.85,300,301.1,13064599,0
1/11/2018,300.9,303,300,302.2,12299087,0
1/12/2018,304.65,304.65,300.55,302.25,17594228,0
1/15/2018,303.95,305.25,301.55,302.6,18189668,0
1/16/2018,302.4,303.35,295.3,296.15,18040940,0
1/17/2018,296,308.4,292.6,307.1,26277307,0
1/18/2018,315,317.8,300.5,303.25,40000111,0
1/19/2018,303.95,310,302.5,309.25,18461642,0
1/22/2018,308.35,308.75,304.05,306.5,12622645,0
1/23/2018,306.4,320.55,306.35,318.1,35252217,0
1/24/2018,317.7,331.6,316.2,329.9,38070520,0
1/25/2018,332.75,332.75,311.85,313.15,42466150,1
1/29/2018,313.15,316.9,311,312.1,23600898,1
1/30/2018,312.05,318.85,311,313.55,25810404,0
1/31/2018,313,316.6,307.85,313.25,16409938,1
2/1/2018,316.9,317.4,305,306.05,19515991,0
2/2/2018,302.9,305.75,295.5,297.35,23274673,0
2/5/2018,292.65,300.4,290,298.05,18940578,0
2/6/2018,285,297.3,282.9,291.75,30577218,-1
2/7/2018,296.6,297.9,290,292.8,21463818,0
2/8/2018,292.9,303.3,292.55,301.4,18932796,0
2/9/2018,297,300.6,295,296.4,15750824,1
2/12/2018,288.25,292.4,285.15,288.75,50839665,0
2/14/2018,288.7,288.7,275,276.2,45641149,0
2/15/2018,274.8,282.3,274.25,278.7,26058237,0
2/16/2018,280.5,281.2,270.05,271.65,30338112,0
2/19/2018,271.5,272,256.65,268.5,43847791,0
2/20/2018,269,274.2,264.8,269.65,33458021,0
2/21/2018,272.2,274.1,267.4,273.3,23714454,-1
2/22/2018,270.4,273.6,269.45,272.6,25584062,0
2/23/2018,273.45,277.2,272.5,276.05,15482147,0
2/26/2018,280,280,273.85,274.45,15306032,0
2/27/2018,273,275.9,265.95,267.6,20824909,1
2/28/2018,264.25,269.7,260.8,268,26810799,0
3/1/2018,266.3,270,261.25,262.15,22859175,0
3/5/2018,260.45,265,258.75,263.5,18484565,0
3/6/2018,265.85,266,255,256.55,20778164,0
3/7/2018,255.05,255.35,246.05,246.65,31262500,0
3/8/2018,247,257.95,244.3,256.8,33133336,1
3/9/2018,257,257.4,251.65,253.25,21536191,1
3/12/2018,254.1,255.25,247.25,252.85,25332474,0
3/13/2018,251.3,262.4,249.6,254.7,37647221,0
3/14/2018,252.5,257.85,250,257.05,25471485,0
3/15/2018,257,258.8,252.55,253.7,18339890,0
3/16/2018,250.65,255.7,250.1,252.3,25728297,0
3/19/2018,252.9,253.6,246.1,247.95,18167594,0
3/20/2018,246.85,252.25,245.35,249.1,20556571,-1
3/21/2018,251.75,254.3,247.1,248,19533972,1
3/22/2018,247,247.35,240.65,241.55,26828240,0
3/23/2018,237.8,239.65,232.35,234.8,27150262,0
3/26/2018,234.75,247.85,234.25,246.5,30373940,0
3/27/2018,250,255.5,248,254.35,31205051,0
3/28/2018,252,256.2,248.7,249.9,36673566,1
4/2/2018,251.8,252,244.9,246.15,14993188,0
4/3/2018,249.55,252.8,248.25,250.5,19883309,0
4/4/2018,251.7,253,245.5,247.3,18824449,0
4/5/2018,252.6,261.9,250,259.3,22880821,0
4/6/2018,259.65,261.45,254.85,259.7,24868860,0
4/9/2018,260.65,262.75,257.6,260.65,20208874,0
4/10/2018,261.1,265,258.5,263.3,21201141,0
4/11/2018,263,263,256.3,257.05,14885838,1
4/12/2018,257.5,257.5,252.25,253.8,18660913,0
4/13/2018,254,255.95,249.7,250.95,25654020,1
4/16/2018,249.35,251.3,247.1,249,16408377,0
4/17/2018,251.4,252.5,246.6,248.15,15922452,0
4/18/2018,249.5,249.9,245.3,246.45,16142387,0
4/19/2018,247.1,248.45,245.2,246.15,13166927,0
4/20/2018,245.85,245.85,239.5,241.2,15546939,0
4/23/2018,241.9,244.85,239.3,242.45,12111837,0
4/24/2018,242,243.4,239.6,240.6,9486349,0
4/25/2018,239.7,240.75,236.75,237.2,13124853,0
4/26/2018,238.4,238.8,232.5,233.2,24495144,0
4/27/2018,233.25,245.8,233.25,242.6,31401889,0
4/30/2018,244.8,249.7,244.5,246.4,17263193,0
5/2/2018,245.9,246.3,239.75,241,12887066,0
5/3/2018,240.95,243.4,238.75,241.9,12939642,0
5/4/2018,243.5,243.9,240.35,241.95,12777310,0
5/7/2018,242.45,248.2,242.05,246.5,15122614,0
5/8/2018,248,252.6,244.6,250.05,23293920,1
5/9/2018,249.8,249.8,246.3,248,11429823,0
5/10/2018,248.25,250.2,246.3,247.95,13160967,0
5/11/2018,247.6,251.6,246.05,250.35,11958589,0
5/14/2018,249.95,255.8,248.15,253.6,18673849,1
5/15/2018,253,257.45,245.9,248,18026861,1
5/16/2018,245.5,248.7,240.6,243.1,17222004,0
5/17/2018,244.2,246,241.15,242.7,11721064,0
5/18/2018,243,244,237.85,238.85,11873041,0
5/21/2018,243.55,245.75,240.3,244.45,18780730,0
5/22/2018,243.65,259.7,241,253.9,68713602,1
5/23/2018,254.65,269.75,254.3,263.2,71202072,0
5/24/2018,263.85,269.7,260.65,268.5,34679642,1
5/25/2018,267.8,268.4,262.55,266.95,22317308,0
5/28/2018,267.4,274.2,266.05,272.05,18959368,0
5/29/2018,270.5,270.95,262.8,264.3,16107543,0
5/30/2018,260.5,268,259.95,267.15,19320209,1
5/31/2018,266.85,274.8,263.15,269.55,31935892,0
6/1/2018,269.25,269.8,264.6,266.7,16574717,-1
6/4/2018,268,268.35,261.3,263,12933824,1
6/5/2018,260.9,265.25,260.9,263.55,14102731,0
6/6/2018,263,271.4,262.2,270.15,18315171,0
6/7/2018,271.05,272.9,268.4,269.65,18773700,0
6/8/2018,268.95,273.9,267,273,14096549,0
6/11/2018,273.3,278.4,273.15,274,18219428,1
6/12/2018,274,284.4,274,282.85,31358021,0
6/13/2018,284,289.65,283.65,287.7,26748300,1
6/14/2018,286.55,286.55,281.3,282.6,18513730,0
6/15/2018,282.75,283.45,276.6,277.45,16949917,0
6/18/2018,278,279.75,275.45,276.85,13542420,0
6/19/2018,276,276.7,269.75,272.6,20726975,0
6/20/2018,273.2,274.75,271.1,273.3,14002946,0
6/21/2018,274.75,274.75,268.1,268.65,12954943,0
6/22/2018,269,273.7,265.75,273.05,20784133,0
6/25/2018,271.85,273.15,267.2,268.45,10934401,0
6/26/2018,267.25,271.2,265.4,267.4,16867009,1
6/27/2018,267.35,267.35,261,261.7,16277655,0
6/28/2018,260.4,262,255.7,257,21349738,-1
6/29/2018,258.25,263.45,258.2,259.35,16244724,0
7/2/2018,258.95,261.75,254,258.85,21896701,-1
7/3/2018,259.6,260.9,256.4,257.5,16099030,0
7/4/2018,255.75,258.35,254.5,257.45,14206935,0
7/5/2018,257.9,258.7,255.15,256.45,11215032,0
7/6/2018,256.1,260.8,255.55,257.2,16174019,1
7/9/2018,258.2,262.4,257.95,261.55,13220744,0
7/10/2018,263.85,265.75,262.4,263.75,11487165,0
7/11/2018,262.65,262.65,257.9,259.1,12857179,-1
7/12/2018,261.4,264.5,261.15,262.75,10642215,0
7/13/2018,262.1,262.4,256.8,257.75,11976239,0
7/16/2018,257,257.5,251,251.6,8965623,0
7/17/2018,250.7,259.85,250.45,259.05,16067598,0
7/18/2018,260.1,262.5,256.15,259.55,17641125,0
7/19/2018,259.4,263.5,256.2,260.2,9958284,0
7/20/2018,259.9,263,258.55,261.5,6120163,0
7/23/2018,262,267.5,260.6,266.35,17013119,0
7/24/2018,267.2,269.2,265.55,266.85,9320281,0
7/25/2018,268,272.85,265.65,271.85,13099277,1
7/26/2018,275.1,289.4,274.2,287.7,53496546,0
7/27/2018,289.5,297,285.1,286.75,32175436,0
7/30/2018,289.2,299.55,289.2,297.4,40949610,0
7/31/2018,297,302.4,291.8,293.5,36510328,1
8/1/2018,294.5,298,288.35,295.1,33885474,0
8/2/2018,293,296.4,290.55,293.9,15665209,0
8/3/2018,294.6,299.95,294.5,299.25,18254462,0
8/6/2018,300.6,311.35,300.6,308.5,31576923,0
8/7/2018,309.85,311.7,303.05,304.05,23929123,1
8/8/2018,304.05,310.9,303.05,308.7,20498279,0
8/9/2018,312.95,319.85,310.15,317.4,46464355,0
8/10/2018,317.65,326.4,300.5,304.45,111510771,1
8/13/2018,296,302.8,291.1,294.15,58127432,0
8/14/2018,296.7,298.95,293.35,294.9,25294933,1
8/16/2018,293.5,298.4,290.25,292.7,31083900,0
8/17/2018,295,302.7,294.05,302.1,21931134,0
8/20/2018,304.1,308.7,303.6,307.65,20240462,-1
8/21/2018,308.3,308.85,303.35,307,14139592,0
8/23/2018,306.95,306.95,298.3,302.45,22721004,0
8/24/2018,300.6,305.7,299,300.45,18869585,1
8/27/2018,304,310.35,303.3,308,28111768,1
8/28/2018,308.05,310.25,303.4,305.35,16890236,0
8/29/2018,306.8,312,305.75,309.7,24320824,0
8/30/2018,309.3,310.5,306,308.6,19935935,0
8/31/2018,307.9,310.65,304.55,309.6,18100140,0
9/3/2018,312.5,312.5,304.8,306.35,14708076,0
9/4/2018,306.8,307.45,295.45,296.4,42859084,0
9/5/2018,296.5,298.85,290.4,296.55,22922686,0
9/6/2018,298,299.85,294.5,296.45,18001336,0
9/7/2018,295.9,295.9,289.45,291.65,23716678,0
9/10/2018,290.65,293.25,283.8,284.85,23354395,0
9/11/2018,287.35,291.45,281.65,282.6,28361400,-1
9/12/2018,284,286.7,280,285.3,22717796,0
9/14/2018,290.1,291.8,288.7,290.65,15149585,0
9/17/2018,288.5,288.5,284.1,285.3,16089996,0
9/18/2018,285,286.9,272.4,273.8,33901000,1
9/19/2018,275.4,282.85,270.5,271.5,40759431,-1
9/21/2018,274.2,279.45,253.4,270.6,39308482,0
9/24/2018,272.7,273,262.6,264.35,24633374,0
9/25/2018,264,272.95,260.8,270.9,28948831,0
9/26/2018,274,274,262.75,263.85,23951904,0
9/27/2018,264.5,268.6,263.75,265.35,24829383,0
9/28/2018,266.4,273.5,262.5,265.5,33803139,-1
10/1/2018,265.5,275.2,264.1,273.85,17711738,0
10/3/2018,273.35,278.7,270.6,271.7,19714943,0
10/4/2018,267.95,272.7,265.7,271.35,17754204,0
10/5/2018,271,271,256,258.35,36628643,0
10/8/2018,259.75,268.5,258.35,265.75,21100804,0
10/9/2018,268,268.15,260,262.95,16010883,0
10/10/2018,261.6,280.45,261.2,278.65,31772330,1
10/11/2018,268,271.5,260.6,262.15,46291120,-1
10/12/2018,266,267.9,261.5,263.75,42967696,-1
10/15/2018,264.4,265.7,261.1,263.2,21965859,0
10/16/2018,264.6,270.85,263.35,270.3,33597068,0
10/17/2018,273.75,275,260,261.15,21631573,1
10/19/2018,259.7,264.2,258.1,261.1,28474307,0
10/22/2018,266,266,259.45,260.35,19933462,0
10/23/2018,258,259,255,255.65,20206307,0
10/24/2018,260.25,261.8,252.8,255.7,25636533,1
10/25/2018,254.5,255,248.4,249.55,33066232,0
10/26/2018,252,252.5,247.4,248.1,20543437,0
10/29/2018,250,269.25,248.4,267.9,37768359,1
10/30/2018,267.5,279.1,266,273.15,33401683,1
10/31/2018,275,282.75,268.6,281.4,28137370,1
11/1/2018,283,289,278.85,285.9,29144808,0
11/2/2018,287.9,292.8,283.2,285.35,27760214,0
11/5/2018,286.45,300,283.5,294.95,44619891,1
11/6/2018,296.1,298.3,283.9,286.45,40688243,1
11/7/2018,288.9,288.9,285.95,286.55,3312160,0
11/9/2018,287,287.5,282.45,283.25,19201007,0
11/12/2018,283.7,283.7,276.85,277.95,24044907,0
11/13/2018,276.3,279.7,273.35,278.05,25633628,0
11/14/2018,280.4,287.7,278,283.6,52674807,0
11/15/2018,283.85,287.05,281.15,285.4,18445463,0
11/16/2018,285.9,291.8,282.6,290.9,24805910,1
11/19/2018,293.5,293.5,286.05,288.15,13799970,0
11/20/2018,285.9,288.55,282.5,283.45,12900924,-1
11/21/2018,283.45,289.55,283.05,287.05,16167419,0
11/22/2018,285.95,287.05,281.6,282.7,12066797,0
11/26/2018,284.1,287.25,279.6,286.4,16846820,-1
11/27/2018,284.6,290.5,284.05,289.4,21242956,0
11/28/2018,289.4,292.45,283,284.55,19837609,1
11/29/2018,289.3,289.65,284.25,286.4,27919104,0
11/30/2018,288.8,290.9,283.2,284.65,17583510,1
12/3/2018,286.7,287.9,283.25,286.8,15772176,0
12/4/2018,287.95,287.95,281.9,282.55,11897307,1
12/5/2018,282.45,283.2,277.05,280.15,14893748,0
12/6/2018,278,279.25,275.1,275.65,11083451,0
12/7/2018,277,277.35,272.1,275.4,10165275,0
12/10/2018,271,276.4,270.15,274.2,11947887,1
12/11/2018,268.35,283.25,268.35,281.25,30927239,1
12/12/2018,283.75,285.85,282.2,285.25,21765939,0
12/13/2018,290,294,285.75,289,24097152,1
12/14/2018,288.5,290.8,287.05,289.2,12156361,1
12/17/2018,289.3,291.45,287.3,289.5,12728014,0
12/18/2018,287.85,294,287,292.75,13606582,0
12/19/2018,294.7,302,294.7,300.7,26124125,0
12/20/2018,298.35,301.65,293.15,294.05,19222232,0
12/21/2018,293.65,296.5,290.8,291.9,15777301,0
12/24/2018,293.5,295,290.15,293.05,12048877,0
12/26/2018,292.85,295,287.15,294.15,12684324,0
12/27/2018,296.7,297.6,291.5,292.15,15304564,0
12/28/2018,293.6,297.1,293.55,294.8,12876558,0
12/31/2018,297.2,298.25,295.5,295.9,9526067,1
1/1/2019,297.5,300.7,293.85,299.6,11837127,0
1/2/2019,299.1,302.5,293.1,293.9,25559853,-1
1/3/2019,295,295.55,290.1,291.1,17548347,0
1/4/2019,292.1,299,291.5,297.65,19514041,0
1/7/2019,301.05,301.5,295.2,296.3,14579399,0
1/8/2019,295.8,306,294.75,305.3,22949961,0
1/9/2019,306,307.1,300.75,305.3,21109911,1
1/10/2019,305.1,307.5,303.5,305.55,16295468,0
1/11/2019,305.4,306.2,300.95,302.75,12702551,0
1/14/2019,301,303.6,299.55,300.4,10372933,0
1/15/2019,302,303.6,301.1,301.65,9444374,0
1/16/2019,303,306.65,302.1,303.15,12111480,0
1/17/2019,303.9,304.35,295.6,297.4,15974634,1
1/18/2019,298.75,299.85,294.25,294.95,9082501,1
1/21/2019,295.9,296.75,291.45,292.45,10188647,0
1/22/2019,293,293,288.2,290.25,11297989,0
1/23/2019,290.45,292.95,285.5,286.65,10304608,0
1/24/2019,286.65,289.9,285.5,288.05,11532528,0
1/25/2019,289.6,291,283.2,285.4,11121223,0
1/28/2019,285.65,286.6,277.3,281.6,18905470,1
1/29/2019,281,286,276.55,280.6,17435611,0
1/30/2019,281.2,289.4,280.25,287.45,18908654,0
1/31/2019,290,294.8,288,293.65,25546487,0
2/1/2019,296.9,302.7,282,284.4,60015958,1
2/4/2019,282.4,285.2,277.85,283.95,20642919,0
2/5/2019,284.2,287,283,284.65,13291133,0
2/6/2019,285.85,289.75,283.5,289.05,12149759,0
2/7/2019,289.4,294,286.6,287.4,19733315,0
2/8/2019,285.6,288,282.2,286,19781908,0
2/11/2019,285.95,285.95,280,280.5,15420017,0
2/12/2019,280.65,282.2,274.65,275.4,15326106,0
2/13/2019,276.5,276.7,266.7,268.2,18662893,0
2/14/2019,268,268.35,263.65,267.1,26372671,0
2/15/2019,268.85,268.85,261.3,262.95,23366091,0
2/18/2019,264.4,265.5,258.8,259.95,14781744,-1
2/19/2019,260.9,267.5,260.3,262.9,19064306,0
2/20/2019,264.5,268.3,264.3,267.7,15514595,1
2/21/2019,270.3,271,267.3,268,13760702,0
2/22/2019,267.9,271.9,267.6,270.95,12536918,0
2/25/2019,271.3,271.4,267.9,270.15,20793897,0
2/26/2019,266.8,268.2,263.25,266.35,15274303,1
2/27/2019,268,272.7,266.55,267.65,20571652,0
2/28/2019,267.7,270.8,267.65,269.05,31636468,0
3/1/2019,270.55,274.6,270.1,272.95,20024726,0
3/5/2019,271.7,277.85,271.2,276.45,21533972,1
3/6/2019,277.3,282.55,276.45,278.1,22161376,1
3/7/2019,279.45,282.5,277.65,281.75,14899105,0
3/8/2019,281.85,284.25,279.6,281.2,19943319,0
3/11/2019,285.3,289,283.5,287.35,22931245,1
3/12/2019,289.2,289.9,285.75,286.9,20828136,0
3/13/2019,288.1,294.4,284.7,293.15,23725641,0
3/14/2019,294.5,294.7,290.75,291.9,16164017,0
3/15/2019,292.6,301.3,292.5,298.4,37928480,1
3/18/2019,298.9,300.9,294.65,298.95,23782967,1
3/19/2019,300.15,306.6,299.15,303.05,27218691,1
3/20/2019,302.8,304.65,300.05,303.8,18820555,1
3/22/2019,304.3,306.4,296.95,298.05,17865957,1
3/25/2019,294,295.45,292.2,294,16895511,0
3/26/2019,294.75,305,294.75,303.5,18303791,0
3/27/2019,305.25,310.85,304.35,308.8,35956450,0
3/28/2019,310.1,339.65,309.05,319,63244736,0
3/29/2019,321.1,323,316.25,320.75,30394717,1
4/1/2019,321.8,327.65,321.05,322.75,22372357,0
4/2/2019,323.65,331,322.1,329,27897583,0
4/3/2019,331,332.45,319.5,320.5,30552104,-1
4/4/2019,321.5,325.75,318.3,321.8,27832294,0
4/5/2019,323.7,323.7,315,317.05,23117232,0
4/8/2019,318.25,319.25,311.1,312.8,17394139,0
4/9/2019,313.95,315.7,308.1,314.75,25556039,1
4/10/2019,314.85,317.05,310,310.9,19237974,1
4/11/2019,311,315.4,308.7,314.9,14897935,0
4/12/2019,314.6,316.4,311.2,315.25,14751964,-1
4/15/2019,315.5,318.7,313.75,315.6,13864791,0
4/16/2019,316.6,319.4,314.7,315.75,14940726,0
4/18/2019,315.8,315.8,308.05,310.8,15691168,0
4/22/2019,308.8,312.3,306.35,310.05,15665440,0
4/23/2019,310.05,313.75,304.6,305.25,17324274,0
4/24/2019,305.85,311.95,303.6,310.75,15228591,0
4/25/2019,311,312,305.4,306.2,30842477,0
4/26/2019,306.9,313.5,306.6,312.5,14987906,0
4/30/2019,312,312,305,309.95,18178758,0
5/2/2019,308.05,311.4,305.65,308.15,16640100,0
5/3/2019,309,311.8,308.8,310,12452689,0
5/6/2019,306.8,310.3,305.9,308.75,10639216,0
5/7/2019,310.7,313.4,303.75,305.45,15219845,0
5/8/2019,303.95,305.3,296.75,298.25,22103678,0
5/9/2019,297.6,301,296.1,299.3,12654440,0
5/10/2019,301.8,310.75,292.45,308.05,60739833,0
5/13/2019,310,314.2,305.3,306.9,40101505,0
5/14/2019,307.85,316.75,305.1,314.65,30521436,0
5/15/2019,316.2,317.9,311,312.1,27932459,1
5/16/2019,312.5,317.1,309.55,315.75,18147559,0
5/17/2019,315.65,321.95,313.45,319.25,25838962,0
5/20/2019,332,345.8,331,344.7,53207071,0
5/21/2019,345.9,347.55,336.25,337.55,33457162,0
5/22/2019,338.9,342.6,333.55,341.1,32002499,0
5/23/2019,353,364,339.2,342.2,74413322,0
5/24/2019,344.95,357,343.5,355.35,35703403,0
5/27/2019,355.05,362.5,354,361.7,31374994,0
5/28/2019,360.95,361.7,356.65,360.05,23501608,0
5/29/2019,358,359,347.15,348.65,28370210,1
5/30/2019,349.75,355,347.5,353.55,25712604,0
5/31/2019,354.35,357.9,344.65,352.5,32588069,0
6/3/2019,352.35,356.45,349.65,355.45,18380919,1
6/4/2019,354,357.2,351.4,352.4,18130636,1
6/6/2019,349,349.6,335.9,336.9,41941144,0
6/7/2019,337,342.75,336,342.05,29739710,1
6/10/2019,346,347.3,340.15,344.3,20500542,0
6/11/2019,345.05,348.3,342.85,347.1,16281297,0
6/12/2019,346.95,346.95,342.3,344,11564970,1
6/13/2019,343,347.45,339.8,346.5,15509948,0
6/14/2019,345.5,346.35,342.55,343.8,10347594,0
6/17/2019,343.75,343.75,336.95,337.85,13779496,0
6/18/2019,335.5,344,333.8,340.05,21957480,0
6/19/2019,343.1,345.2,335.5,338.85,16416903,-1
6/20/2019,341,346.25,335.6,345.15,20626861,0
6/21/2019,344.8,350.7,343.15,349.4,24749090,1
6/24/2019,350,354.75,349.65,353.2,17919504,0
6/25/2019,352.7,357,351.25,356.55,15922634,0
6/26/2019,355.75,359,354.3,358.15,15835579,0
6/27/2019,358.1,363,357.25,362.15,29658120,0
6/28/2019,362.2,365,358.7,361.25,22708464,0
7/1/2019,362.8,363,358.5,361.55,12348793,0
7/2/2019,362.15,365,360.35,364.5,14482172,0
7/3/2019,365.25,366.7,363,366.15,12626285,0
7/4/2019,367.25,370.9,366.2,367.4,19252646,0
7/5/2019,369.45,373.6,366,370.65,30019347,0
7/8/2019,368,368.45,353.5,355.3,27247892,0
7/9/2019,353.5,360,352.5,359.5,16579914,1
7/10/2019,360.55,361.5,351.3,354.2,18681819,1
7/11/2019,358.5,364,357,363.2,20048321,0
7/12/2019,363,366.55,361.5,363.6,14661748,1
7/15/2019,364.1,365,357.6,360.05,15665939,-1
7/16/2019,358.5,366,357.65,364.35,16251836,0
7/17/2019,364.05,373.55,363.05,372.4,17545177,0
7/18/2019,371.95,373.8,362.55,363.65,21691056,0
7/19/2019,365.1,366.05,355.15,356,22213173,-1
7/22/2019,356,359.55,348.7,350.85,19682038,0
7/23/2019,351.2,353,341,342.2,27956145,0
7/24/2019,341.85,344.7,336.25,339.6,20823143,0
7/25/2019,341.7,343.2,337.4,341.3,19857643,0
7/26/2019,340.8,346.15,340.5,342.6,16139052,0
7/29/2019,343.95,346.55,336.8,343.8,17060483,-1
7/30/2019,344.4,346.7,325.85,327.55,24437235,1
7/31/2019,325.1,333.2,323.9,332.2,22741445,-1
8/1/2019,330.8,331.5,311.35,317.15,40853304,0
8/2/2019,315.55,322.25,307.05,308.45,64472348,0
8/5/2019,298.45,302.85,291.7,300.25,48815899,1
8/6/2019,298.8,304.25,297.25,301.4,30442970,0
8/7/2019,302.4,302.45,288.8,289.9,30820114,1
8/8/2019,290,295.5,285.6,294.35,32929233,0
8/9/2019,296.3,298,290.05,291.35,23377581,0
8/13/2019,290.9,291.55,282.5,283.35,24231272,0
8/14/2019,285.05,291.25,284.5,289.75,18523649,-1
8/16/2019,287.95,292.8,284.3,290.9,20047399,0
8/19/2019,292,292.4,286,286.85,19831459,1
8/20/2019,287.3,287.4,280.65,283.7,23204417,1
8/21/2019,285.5,285.6,276.3,277.4,28226325,0
8/22/2019,278.3,278.3,267.3,268.55,27728925,0
8/23/2019,267.1,275.25,262.7,271.1,35212444,0
8/26/2019,288,288,270,280.2,64066440,0
8/27/2019,284,288,282.6,285.7,45164811,0
8/28/2019,286.65,286.65,282.2,284.9,18979998,0
8/29/2019,283.2,284.3,273.3,274.5,27083514,0
8/30/2019,275.95,277.95,266.85,273.85,45702652,0
9/3/2019,272,272,266.95,268.4,21241863,0
9/4/2019,269.7,275.85,267.25,275.1,27309675,1
9/5/2019,275,276.35,271.05,273.3,25085139,0
9/6/2019,275.05,277,272.1,273.95,16675146,0
9/9/2019,273.95,278.7,271,278,18616889,0
9/11/2019,278.5,285.85,278.5,285.25,20999669,0
9/12/2019,286.75,288.8,284.15,287.05,21964832,1
9/13/2019,285,292.5,282,291.7,27303181,0
9/16/2019,288.2,290.45,283.8,284.7,18267680,-1
9/17/2019,285,286.45,273,273.95,21533362,1
9/18/2019,277.2,282.95,274.4,280.4,25478758,0
9/19/2019,279.95,279.95,273.05,274.05,23387797,1
9/20/2019,274.5,307.65,268.4,301.7,84481749,0
9/23/2019,307.55,316,300.4,313.75,54178171,0
9/24/2019,313.15,315.15,300.8,302.6,40096711,0
9/25/2019,297,297.5,278.7,280.25,73063465,1
9/26/2019,281.5,289.9,277,281.85,79005946,0
9/27/2019,282.7,286.05,280,281.2,37851718,0
9/30/2019,281.4,281.85,270.15,270.8,41094131,0
10/1/2019,272.75,275.5,245.55,255.95,79350077,0
10/3/2019,254,260.7,250.1,254.15,56207921,0
10/4/2019,258.5,260.5,248.55,249.95,60029186,1
10/7/2019,251.5,253.4,246.85,249.1,39160623,0
10/9/2019,250.1,262,244.35,260.95,60328507,1
10/10/2019,258,258,252.6,254.15,37577511,1
10/11/2019,256.2,261.4,251.5,254.55,43272106,0
10/14/2019,256.95,259.4,254,255.45,28265136,0
10/15/2019,256.45,259.9,254.8,258.45,23444973,-1
10/16/2019,259.3,261.95,255,256.05,30892295,0
10/17/2019,256.4,266,255.6,265.45,37061013,-1
10/18/2019,264.4,271.35,263.2,269.65,33203721,1
10/22/2019,270.4,275,268.5,270.5,27574295,0
10/23/2019,270.75,277.8,268.65,275.45,31789622,0
10/24/2019,276,277.65,248.65,262.5,63943183,0
10/25/2019,265.8,284.15,263.55,281.55,105518180,1
10/27/2019,284.95,284.95,280.25,281.8,12185529,0
10/29/2019,283.15,285,278.55,280.65,51033578,0
10/30/2019,283,291,279.25,289.9,51469048,0
10/31/2019,293.35,317.8,292.75,312.4,128449327,0
11/1/2019,312.4,315,308.6,313.55,44894016,0
11/4/2019,316,319,312.35,314.3,31535656,0
11/5/2019,313.9,322,312.8,319.2,50080853,0
11/6/2019,318.95,318.95,314,317.55,32157080,1
11/7/2019,318.25,323.3,316.8,318.15,33926772,0
11/8/2019,316.2,321,314.5,316,25423362,0
11/11/2019,314.7,319.65,313.1,318.25,20491942,0
11/13/2019,316.05,318.6,305.65,306.8,32675829,0
11/14/2019,306.95,309.5,299.7,306,43617772,0
11/15/2019,312,323.7,310.05,321.9,95199897,0
11/18/2019,324,329.85,323.75,325.1,39009263,0
11/19/2019,325.8,331.8,322.1,330.4,41372145,0
11/20/2019,332,332.5,325.1,328.8,29972583,0
11/21/2019,329.25,332.85,326.55,331.35,34116162,0
11/22/2019,331.45,333.8,328.25,329.3,28974967,1
11/25/2019,329,337.5,328.35,336.1,27561300,0
11/26/2019,338,340,332.6,335.5,36464072,0
11/27/2019,335.95,345.55,334.05,343.55,33971305,0
11/28/2019,346.85,351,344.5,349.3,42538227,1
11/29/2019,348.85,348.85,340.6,341.85,23081823,0
12/2/2019,343.9,344.35,336.2,338.5,20648850,0
12/3/2019,341,342.95,333.35,336.25,26482178,0
12/4/2019,334.1,342.95,331.85,341.85,26789483,-1
12/5/2019,343,344.6,335.15,336.2,30429507,0
12/6/2019,336.7,337.65,318,320,47027528,0
12/9/2019,318.95,327.65,314.75,316.7,52435239,0
12/10/2019,317.2,322.65,312.25,313.4,52155809,0
12/11/2019,311.2,315.75,308,312.8,52557951,1
12/12/2019,314,322.95,313.55,321.85,37804216,0
12/13/2019,325.2,333.45,325,332.55,40955226,1
12/16/2019,335.95,337.25,330.8,331.85,35027613,0
12/17/2019,333.25,335.75,330.65,332.9,26734601,1
12/18/2019,335,335.55,325.8,326.95,26449075,1
12/19/2019,327.35,329.6,324.5,328.15,27516289,0
12/20/2019,330.35,339.5,330.35,337.85,51839714,0
12/23/2019,335.7,338.85,330.35,332.4,30150335,0
12/24/2019,333.2,334.2,329.2,331.45,21747782,0
12/26/2019,333,333.45,328.1,329.85,24616942,0
12/27/2019,333.4,338.35,333,337.25,33477173,1
12/30/2019,337.75,337.85,332.5,334.4,22775554,1
12/31/2019,334.4,336.35,332.55,333.75,23801635,0
1/1/2020,334.7,335.95,332.15,334.45,17379320,1
1/2/2020,334.5,339.85,333.35,339.3,20324236,0
1/3/2020,337.95,337.95,332,333.7,21853208,0
1/6/2020,331.7,331.7,317.7,319,35645325,0
1/7/2020,324.45,327,315.4,318.4,50966826,0
1/8/2020,312.1,321.5,311,319.8,44527485,0
1/9/2020,326.9,331.4,325,330.2,40348407,0
1/10/2020,331,337.95,328.1,332.25,42377838,1
1/13/2020,334,335.45,329.05,330.75,23615129,1
1/14/2020,329.8,331.7,326.5,328,26296117,0
1/15/2020,329,329.2,322.35,324.25,32625740,0
1/16/2020,324,326.9,322.35,323.3,26653623,0
1/17/2020,313,323.5,310.1,318,58396326,0
1/20/2020,321,321.45,313.4,314,30682902,0
1/21/2020,313.8,316.95,312,313.7,30591772,0
1/22/2020,317,317,313.7,316.15,24994911,0
1/23/2020,316,324.8,314.15,323.2,33293610,-1
1/24/2020,323.5,327.3,321.15,324.05,22706879,0
1/27/2020,320.9,322,315.8,316.2,23309355,0
1/28/2020,317.95,320,311.05,315.1,26488426,0
1/29/2020,317.85,319.7,315.55,316.45,23914114,0
1/30/2020,316.75,316.75,305.65,310.7,35802330,0
1/31/2020,313.7,321.7,308.6,318.45,92656638,0
2/1/2020,317.95,322.65,296.3,302.6,61841736,1
2/3/2020,303,306.85,295.35,298.1,56060158,0
2/4/2020,302.9,307.55,297.1,306.25,51141567,0
2/5/2020,306.9,313.65,304.6,311,35014841,0
2/6/2020,311.2,323.5,310.1,321.95,57757656,0
2/7/2020,321.5,325,318.4,320.55,37126803,0
2/10/2020,319.8,322.8,316.5,318.5,24816396,0
2/11/2020,321.05,325.8,321.05,324.35,30188757,0
2/12/2020,329.9,329.9,319.25,320.2,38930849,1
2/13/2020,322,330.95,322,327.45,62516057,0
2/14/2020,328.1,331.9,318.55,319.4,48205947,0
2/17/2020,320.95,321.15,311.65,314.2,36950692,0
2/18/2020,315.4,319.2,309.4,317.55,38588583,0
2/19/2020,322.3,324,317.25,320.35,39846727,1
2/20/2020,319.35,329.2,318.75,327.65,40150409,0
2/24/2020,325.75,331.3,321.85,322.95,45273936,0
2/25/2020,325.9,328.15,322.2,326.8,39050709,0
2/26/2020,324.85,330.8,324.2,328.2,43915281,0
2/27/2020,328,330,318,321.95,47010040,0
2/28/2020,312,314.65,301.1,303,59705346,0
3/2/2020,311,312,284.05,287.4,66711413,1
3/3/2020,293,294.4,285.3,289.85,61949382,1
3/4/2020,291.8,293,275.1,285.3,73675736,0
3/5/2020,290.9,298.4,270,288.5,149245973,0
3/6/2020,268,274.4,253.95,270.5,106043172,1
3/9/2020,260.05,262.75,251.15,253.45,101294751,1
3/11/2020,253,258.5,243.1,245.1,90847179,0
3/12/2020,231.9,231.9,208.6,212.6,99770256,-1
3/13/2020,200,248.8,184.65,242,155703140,0
3/16/2020,227.9,231.4,220.6,223.35,75584607,-1
3/17/2020,227.2,229.9,212.05,215.15,65414721,0
3/18/2020,221,223.15,200.1,215.2,101405421,0
3/19/2020,202.95,219.75,198.15,203.65,93535977,0
3/20/2020,205.55,215.7,200,209.85,77393021,1
3/23/2020,190,199.5,180.25,181.6,61751758,1
3/24/2020,190.95,191.95,173.55,183.2,67492010,0
3/25/2020,178,195.25,176.45,189.9,71568237,1
3/26/2020,191.55,201,185.1,192.75,107260674,0
3/27/2020,202,211.9,195,195.95,114746995,0
3/30/2020,190,195,186.25,186.9,60083237,0
3/31/2020,192,198.5,188.05,196.85,59543906,0
4/1/2020,194,194.5,185.25,186.55,52954482,0
4/3/2020,187.55,188.2,175,175.5,64455937,1
4/7/2020,184.4,187.3,177.6,186.4,72133717,-1
4/8/2020,182.9,194.4,180.45,183,80436673,-1
4/9/2020,188,190,183.6,187.75,62417301,0
4/13/2020,186.8,188.7,183.1,183.5,51847574,0
4/15/2020,187,191.95,180.15,182.35,72190294,0
4/16/2020,182,189.9,180.25,188.5,61165997,0
4/17/2020,196,198,186.3,193.25,89858053,0
4/20/2020,194,197.35,190.05,192.5,81961666,0
4/21/2020,188,188.2,183,184.75,53043573,0
4/22/2020,185.5,189.5,181.35,188.7,61503792,0
4/23/2020,187.75,189.9,185.15,186.7,50957437,0
4/24/2020,184,184,179,179.75,65146846,1
4/27/2020,183.5,183.5,180.5,180.9,43003001,0
4/28/2020,182,185.35,181.2,184.3,49590249,0
4/29/2020,185,191.8,183.5,190.1,57470639,0
4/30/2020,193.5,195.9,189.7,190.5,63069460,0
5/4/2020,182.45,183.5,178,178.85,58122608,0
5/5/2020,181,181.25,168.8,170.4,91050629,-1
5/6/2020,171.15,173.3,166.55,171.1,73156881,-1
5/7/2020,170.85,172.55,168.8,170.75,42944139,0
5/8/2020,172.45,173.8,166.1,166.65,55935527,0
5/11/2020,167.95,168.9,165,165.45,54594499,1
5/12/2020,164.2,168.5,160.85,166.9,70752913,1
5/13/2020,178.55,178.55,170.5,174.1,81721884,1
5/14/2020,170.95,171.75,167.5,167.95,48137099,1
5/15/2020,167.95,168.25,164.7,166.4,35498484,0
5/18/2020,166.4,166.4,155,155.3,77350889,1
5/19/2020,157.5,157.85,152.4,152.8,71522983,-1
5/20/2020,153,155.25,151.15,153.4,66178068,0
5/21/2020,153.65,156.15,151.5,151.95,61150189,0
5/22/2020,152,155.6,149.45,150.85,87069955,0
5/26/2020,152.4,153.2,150.2,151.4,48281208,0
5/27/2020,151.95,160.8,150.8,158.6,88206678,1
5/28/2020,159.45,162.4,156.7,158.2,76970390,0
5/29/2020,156.1,161.9,155.2,161.3,58368035,1
6/1/2020,164,171.4,163.35,170.05,92742124,0
6/2/2020,169.9,171.3,167.2,170.25,70422258,1
6/3/2020,172.5,179.9,172,174.9,113173574,0
6/4/2020,174.9,177.65,171.5,174.05,83495015,0
6/5/2020,176.55,189.8,176,187.8,201325176,1
6/8/2020,197,197.5,185.8,186.8,151750421,1
6/9/2020,187.7,191,183.35,184.45,96656234,0
6/10/2020,184.55,189,183.8,187.7,67335901,1
6/11/2020,188,190.4,176.35,177.15,91729798,0
6/12/2020,170,180,169.8,179.15,92761694,1
6/15/2020,177.85,177.85,172,173.7,63617286,0
6/16/2020,178,178.95,169.4,172.9,63929925,0
6/17/2020,171,176.2,169.25,172.95,73867145,1
6/18/2020,172.4,180.65,171.1,179.65,58262367,1
6/19/2020,180.3,184.95,179.5,184.5,76897890,0
6/22/2020,185,191.75,184.25,187.7,80024673,-1
6/23/2020,189.6,193.1,187.85,192.45,65487726,1
6/24/2020,194.8,194.9,183.9,184.6,74670206,-1
6/25/2020,182.2,186.8,180.4,185.25,73626947,0
6/26/2020,188,188.6,183.8,184.6,49178705,0
6/29/2020,183,183.1,178.5,179.25,50967079,1
6/30/2020,181.1,182.9,177.25,178.45,43616291,0
7/1/2020,179.45,185.4,178.6,184.8,54015536,0
7/2/2020,185.65,188,184,185.45,52127613,0
7/3/2020,186.65,186.85,183.4,184.7,38050996,0
7/6/2020,186.6,189.85,186.15,188.05,43789749,0
7/7/2020,187,189.2,184.05,188.6,55124984,0
7/8/2020,188.9,197.45,188.4,191.9,143083196,0
7/9/2020,192.8,201,192.55,199.1,89540860,0
7/10/2020,198,202.5,194.8,195.6,111410003,0
7/13/2020,198.8,199.8,191.6,192.7,61952344,0
7/14/2020,192.3,192.3,184.6,186.05,62243325,0
7/15/2020,187.95,189.95,183,183.8,58528072,0
7/16/2020,185,186.95,181.65,186.25,46549518,1
7/17/2020,186.8,189.5,185,188.2,47035751,0
7/20/2020,190,193.25,188.75,190.75,45680606,1
7/21/2020,192.45,196.2,191.5,194.4,59286092,0
7/22/2020,195.7,196.75,190.1,192,62276770,1
7/23/2020,192.4,199.1,191.15,198.25,70802269,0
7/24/2020,195.7,196.3,190.65,191.95,65266228,0
7/27/2020,193,193.2,186.5,187.15,50714366,1
7/28/2020,188,190.5,185.75,189.45,51490418,1
7/29/2020,187.6,195.25,187,191.2,73766851,0
7/30/2020,192.5,193.5,186.05,186.55,48478733,-1
7/31/2020,188,194.85,186.7,191.45,145903102,0
8/3/2020,192,194.6,190.05,192.25,72457670,1
8/4/2020,193.35,193.8,190.5,191.6,43867110,0
8/5/2020,192.75,196.85,191,191.45,68888954,0
8/6/2020,192.3,194.5,190.25,190.95,59740299,0
8/7/2020,191.45,192.1,189.55,190.65,44822757,0
8/10/2020,191.85,195.5,191.7,193.8,48785067,0
8/11/2020,195,196.8,193.75,195.05,43892064,1
8/12/2020,196,204.25,194.6,203.3,157820882,0
8/13/2020,205.5,207.3,200.75,201.9,70443500,0
8/14/2020,203,204,194.6,196.5,56176117,0
8/17/2020,198.45,198.65,191.5,193.1,54788249,0
8/18/2020,193.8,195.75,191.7,195.1,46295650,0
8/19/2020,196.4,200.3,195.9,197.05,59302164,1
8/20/2020,194,196.35,193.25,194.75,37505379,0
8/21/2020,199,201.5,197.65,198.4,68047789,1
8/24/2020,200,202.8,198.6,201.45,53866579,0
8/25/2020,204,208.45,202.7,207.95,105397006,0
8/26/2020,208.5,210.35,206.15,209.85,66750983,0
8/27/2020,210.5,216.5,210.5,215.65,80999489,0
8/28/2020,217,225.9,216.8,224.85,95983850,0
8/31/2020,231.55,231.55,210.35,212,119990567,1
9/1/2020,213.1,218.9,211.2,218.1,75048317,1
9/2/2020,218.25,219,212.3,216.25,47608719,1
9/3/2020,217.5,218.25,212.3,213.15,38595597,1
9/4/2020,210,212.3,205.9,206.6,54435819,1
9/7/2020,207.5,209.65,205.4,207.9,35687677,0
9/8/2020,207.9,208.5,202.9,204.05,34147081,1
9/9/2020,201.1,201.4,192.5,194.85,72716962,1
9/10/2020,197.7,201.45,195.2,198.15,67790247,1
9/11/2020,198.55,203.85,197,202.7,48488142,0
9/14/2020,205.9,206.2,197.35,198.5,63606706,1
9/15/2020,199.9,201,197.1,200.15,51762796,1
9/16/2020,199.85,200.05,196.25,198.2,52407160,0
9/17/2020,197,198,195,195.45,41226058,0
9/18/2020,196,197.2,189.7,192.6,55286449,1
9/21/2020,193.05,193.5,184.25,185.8,57614739,0
9/22/2020,186.15,188.3,181.15,186.2,51216440,0
9/23/2020,188.15,188.95,181,183.8,44321881,1
9/24/2020,181.1,181.8,175.5,176.35,46115352,0
9/25/2020,179,182.75,176.15,182.2,46550618,0
9/28/2020,184,188.15,183.35,187.25,41921659,1
9/29/2020,188.5,188.95,183.25,185.05,35688939,0
9/30/2020,185.05,186.8,182.4,185.4,37642302,1
10/1/2020,187,191.2,186.9,190.3,43589041,0
10/5/2020,192,193.8,187.05,188.75,41694812,0
10/6/2020,191.1,192.1,188.3,191.6,31098807,-1
10/7/2020,192.55,193.15,189.1,190.7,34578821,0
10/8/2020,191.35,195.8,190.55,191.5,43351954,1
10/9/2020,192,198.8,190.55,198.3,64908374,0
10/12/2020,199.7,205.95,197.25,198.7,69125880,1
10/13/2020,198.65,200,195.1,195.7,34949604,-1
10/14/2020,194.05,200.9,193.05,200.05,40550062,0
10/15/2020,201,202.5,192,192.85,49184944,0
10/16/2020,194,196.75,191.6,195.95,36894938,0
10/19/2020,196.2,204.6,196.05,204,60223657,0
10/20/2020,201,204.35,200.7,203.05,39317197,0
10/21/2020,204.7,207.3,198.85,203.75,54516482,0
10/22/2020,201.9,204.6,201.1,203.3,33721761,0
10/23/2020,204,205.6,201.55,202.8,32708098,0
10/26/2020,202.7,204,195.6,196.7,45471498,1
10/27/2020,197.25,197.55,192.25,194.65,37802664,0
10/28/2020,195,195,189.05,190.45,46462213,0
10/29/2020,189.35,190.7,185.9,188.7,44823105,0
10/30/2020,189.35,192,186.15,189.25,41520135,0
11/2/2020,192.2,197.25,190.05,196.05,52600119,0
11/3/2020,198,205.8,197.6,204.75,69890201,0
11/4/2020,203.5,209,198.05,207,117577856,0
11/5/2020,216,221,214.75,218.65,138023646,1
11/6/2020,219,221.85,217.05,219.2,73147085,1
11/9/2020,222.5,222.65,217.05,219.5,60359458,1
11/10/2020,223.1,235,223,231.7,135294550,0
11/11/2020,232.75,239.35,227.75,234.2,107094861,0
11/12/2020,233.2,233.35,225.65,226.8,58859905,0
11/13/2020,225,230.65,220.1,229.45,70676525,0
11/14/2020,232,232.9,227.75,229.65,7753219,0
11/17/2020,231.85,241.6,231,240.2,80501583,0
11/18/2020,239.4,253,237.9,252,104514060,1
11/19/2020,248,251.8,239,239.75,82284278,0
11/20/2020,241.5,245.4,233.95,242.75,84411129,0
11/23/2020,243.5,246.15,238.1,238.7,57538324,0
11/24/2020,240.5,245,239.5,243.85,47636611,0
11/25/2020,245.45,249.9,241.6,243,74767232,0
11/26/2020,244,246.25,240.15,245.45,64248318,0
11/27/2020,245.45,246.25,242.05,244.25,54355703,0
12/1/2020,245,248.95,244.25,248.05,37003272,0
12/2/2020,248.35,250.85,244.1,246.95,56723083,0
12/3/2020,249.3,259,248,256.3,79266442,1
12/4/2020,257,264.35,253.55,263.5,79252024,0
12/7/2020,263.8,271.45,263,269.6,76053084,0
12/8/2020,270.95,273.7,265.25,271.9,65617502,-1
12/9/2020,272.1,274.9,269.2,270.35,48495641,0
12/10/2020,269,271,265.55,269.55,38676657,1
12/11/2020,270.05,276.25,270.05,272.45,50255223,0
12/14/2020,274,276.15,272.35,274.2,31946501,1
12/15/2020,274.05,274.05,268.15,270.65,34890948,0
12/16/2020,272.8,273.65,268.5,269.4,24844177,0
12/17/2020,270,272.15,266.7,267.7,25904699,0
12/18/2020,267.7,271.95,265,271.45,29816205,0
12/21/2020,268.45,269,251.05,254.7,55160758,1
12/22/2020,254.8,258.7,248.25,257.45,51189571,0
12/23/2020,256.95,263.9,255.6,263,29056404,0
12/24/2020,265,268.85,264.65,266.85,28585509,0
12/28/2020,268.75,276,268,275.2,36870242,0
12/29/2020,276.3,279.9,274.7,277.9,45032526,1
12/30/2020,278,278.7,272.5,276.9,30971894,1
12/31/2020,275,277.25,272.6,274.95,29467966,-1
1/1/2021,274.9,280,274.4,279.4,24531791,0
1/4/2021,281.85,283.9,277.75,281.05,31450608,0
1/5/2021,278.05,282.45,277,281.75,27393072,0
1/6/2021,283,289.15,281.4,285.05,40765708,1
1/7/2021,289,291.8,287,287.7,30546600,0
1/8/2021,290.1,291.4,285.2,286,32543357,1
1/11/2021,288,288.2,279.6,282.5,29703173,1
1/12/2021,280,293.85,277.9,292.5,44307145,0
1/13/2021,296,308,294.5,306.8,78042133,1
1/14/2021,306.7,309.25,303.8,307.25,40123498,0
1/15/2021,306.8,310.9,301.3,303.85,35307601,0
1/18/2021,303.5,308.65,292.2,294.45,54969750,0
1/19/2021,297.65,302.5,296.4,298.6,35803901,0
1/20/2021,298.8,304.7,296.85,302.55,33759304,1
1/21/2021,304,305.15,291.5,294.85,29995203,0
1/22/2021,295.5,298,282.4,283.7,44440810,1
1/25/2021,284.5,288,277.05,280.95,34034630,0
1/27/2021,280.2,284.85,272.7,275.65,39211107,1
1/28/2021,271.9,283.35,269.5,282.35,48717297,0
1/29/2021,285.6,290.65,279.1,282.1,42300984,0
2/1/2021,285.1,313.9,282.75,310.7,103414068,0
2/2/2021,315,337.4,315,333.1,121434166,0
2/3/2021,333.75,339.9,325.8,335.95,66420168,0
2/4/2021,334.4,358,331.1,355.1,145203439,0
2/5/2021,387,408.35,385.15,393.1,214955688,0
2/8/2021,398,407.8,394.75,397.05,79389205,0
2/9/2021,396.75,403.5,389,394.8,63869990,0
2/10/2021,394.05,397.9,388,392.25,54163507,0
2/11/2021,391.8,396.95,388.25,390.15,36392708,0
2/12/2021,391,399.35,385.55,393.15,53589755,1
2/15/2021,397.5,409.45,395.7,406.95,56608937,1
2/16/2021,412,415.75,400.3,402.35,80365431,0
2/17/2021,403,414.85,400.15,411.75,74161370,0
2/18/2021,425.05,427.7,413.7,415.2,67154539,1
2/19/2021,415,415,395,399.55,66155518,0
2/22/2021,400.6,401,385.65,389.5,52535049,1
2/23/2021,392,399.7,389,395.6,45462768,1
2/24/2021,397,410.5,395.2,406.25,39632090,0
2/25/2021,411,414.9,406.55,407.25,46988836,0
2/26/2021,399.5,401,387,390.15,64450414,0
3/1/2021,395.1,397.7,391,394.95,29677890,0
3/2/2021,395,399.55,390.55,394.2,30534337,0
3/3/2021,396.5,408.9,396,405.05,46268223,0
3/4/2021,398.7,403.5,394.45,395.65,43603653,0
3/5/2021,395,395,378.1,383.65,72179228,0
3/8/2021,388.45,393.4,386.05,389.6,39147858,0
3/9/2021,393.45,394.9,382.25,387.6,28054083,0
3/10/2021,391.1,393,385.7,387.7,22677399,1
3/12/2021,391.7,393.2,377.5,381.1,35336355,0
3/15/2021,382.5,386,369.35,383.9,42722976,1
3/16/2021,385.6,387.85,376.1,378.55,38196452,1
3/17/2021,378.2,379.65,366.05,368.15,33143064,-1
3/18/2021,371.5,375,361.1,367.1,39405038,0
3/19/2021,363.95,372.9,357.25,371.15,60309145,0
3/22/2021,372,372.8,363.5,367,28461974,0
3/23/2021,368.7,377.95,367.05,372.7,41032380,0
3/24/2021,368.5,369.05,358.65,359.85,42318999,0
3/25/2021,360,360.85,345.2,355.2,57495003,0
3/26/2021,360,362,354.55,357.2,40718848,0
3/30/2021,360.1,364.3,356.3,360.8,39407496,0
3/31/2021,360.3,367.85,357.95,364.3,38651025,0
4/1/2021,367.7,371.9,363.1,370.65,31883453,0
4/5/2021,367.5,369.2,349.05,353.55,51743981,1
4/6/2021,355.7,357,349.3,350.55,44147709,1
4/7/2021,351.25,363.2,347.6,358.55,48023602,0
4/8/2021,361,363.3,354.3,355.6,33370259,0
4/9/2021,354.4,364.5,351.2,353,46473100,1
4/12/2021,344,344,322.55,328.85,75501713,0
4/13/2021,332,342.25,330.5,341,49773360,0
4/15/2021,342.1,347.55,336.1,342.7,52992349,0
4/16/2021,343,345.5,338.65,339.9,37766793,0
4/19/2021,327.15,332.05,321.3,331.15,53304377,1
4/20/2021,335.1,339.9,326.7,329.5,41296147,0
4/22/2021,326,337.65,323.3,336.65,49105833,0
4/23/2021,331.65,339.9,331.65,336.45,44223940,0
4/26/2021,339.25,347.45,339.25,344.3,49234985,1
4/27/2021,344,354.95,342.4,353.05,46003023,0
4/28/2021,357,364.3,356.05,363.4,56696255,0
4/29/2021,365,369.95,355.5,359.4,63692926,0
4/30/2021,353.45,362.5,350.45,353.5,53832840,0
5/3/2021,349.6,352.5,341.4,350.6,43691860,0
5/4/2021,355,362.9,350.2,351.5,57749307,0
5/5/2021,356.5,357.45,348,355.4,40872501,0
5/6/2021,358,359.35,350.55,355.55,36294427,1
5/7/2021,357.5,362,353,358.25,38357618,-1
5/10/2021,360.5,367,358.8,361.7,41739324,0
5/11/2021,356.85,366.4,354.75,364.65,41892770,-1
5/12/2021,362.8,373.5,361.9,367.7,53436590,0
5/14/2021,370,372.5,359.55,360.45,51722170,0
5/17/2021,364.4,385.2,363.65,383.1,106555796,0
5/18/2021,390,392.55,380.05,382.25,70917710,0
5/19/2021,382,389.5,381.2,384.4,48189573,0
5/20/2021,387,387.8,382,384.55,42898608,1
5/21/2021,390,404.4,378,401.2,192810772,1
5/24/2021,417,419.2,405.3,412.05,142964052,1
5/25/2021,415.1,415.5,408.5,412.35,56048127,0
5/26/2021,413.8,418.75,410.8,413.55,52357719,0
5/27/2021,413.7,429.1,412,425.2,73392997,1
5/28/2021,430.5,433.65,420.05,422.05,65137568,1
5/31/2021,421,426,418,424.35,38291043,1
6/1/2021,426.05,435.35,425.6,432.55,59299647,1
6/2/2021,430.8,437.95,429.15,437.25,38657806,-1
6/3/2021,437,441.95,433.5,439.65,38909199,0
6/4/2021,437.5,441.9,431.75,433.6,36898769,0
6/7/2021,435.1,437.4,430.8,432.25,20201197,1
6/8/2021,432.25,432.5,424,427.2,31113823,0
6/9/2021,427.5,432.3,418.2,421.45,27784834,0
6/10/2021,424.9,433.3,422.4,432.25,27397712,0
6/11/2021,434.85,435.5,425.25,429.6,26831924,0
6/14/2021,427,432.45,416.7,430.35,30106015,0
6/15/2021,429.2,432.8,428,429.5,16413658,0
6/16/2021,428,432.75,425,425.95,19701175,-1
6/17/2021,421,425.95,416.6,420.25,23048331,0
6/18/2021,423.9,423.9,402.65,412.9,45748727,0
6/21/2021,406.35,421,400.5,419.75,33128978,0
6/22/2021,423,425.45,417.3,418.65,28442965,0
6/23/2021,421.1,424.75,415,418.85,27564829,1
6/24/2021,420.35,422.75,416.3,417.2,19214547,1
6/25/2021,421,431,419.05,428.8,29886797,1
6/28/2021,430.7,433.15,424.55,426.75,29370660,0
6/29/2021,427.5,428.95,420.55,421.5,22275961,1
6/30/2021,423,424.9,418.3,419.2,18337773,0
7/1/2021,420.3,423.7,417.15,420.4,16161469,1
7/2/2021,420.3,425.4,419,424.4,16423811,-1
7/5/2021,426.5,434.5,424.25,432.65,16483761,0
7/6/2021,431.7,436.5,428.2,429.75,20195278,0
7/7/2021,429.35,434,427.55,432.85,14473774,0
7/8/2021,432.8,435.4,422.1,424.45,21433043,1
7/9/2021,425,427.5,421.05,423.75,16844494,1
7/12/2021,426.5,430.25,424.6,427.45,12886781,0
7/13/2021,430,431.8,428.3,429.1,12831125,0
7/14/2021,429,432.3,426.4,431.05,12767351,1
7/15/2021,432.7,432.95,429.65,431.7,11030732,0
7/16/2021,432,432.5,427.45,430,8713863,0
7/19/2021,423.4,429.45,418.85,427.9,14426686,0
7/20/2021,427,427,418.9,420.9,14623321,0
7/22/2021,425.55,426.7,420.9,422.05,11799761,0
7/23/2021,422.9,429.95,419.5,428.9,17704661,1
7/26/2021,427.8,427.8,422.3,423.3,14037519,0
7/27/2021,424.15,433.25,424,429.95,24119619,1
7/28/2021,430,430.5,421.05,425.5,17636515,1
7/29/2021,426,443.6,425.5,441.55,35263606,0
7/30/2021,441.5,444.4,430.7,431.8,35196813,0
8/2/2021,434.75,436.7,431.8,434.9,16926025,0
8/3/2021,434.95,447.9,433.6,446.5,40922962,0
8/4/2021,448.65,467.45,441.5,456.95,129761158,0
8/5/2021,461,462.5,438.4,441.85,58595639,1
8/6/2021,443.7,447,434,435.65,38236066,0
8/9/2021,437.9,441.8,431,433.4,22196404,1
8/10/2021,434.4,436.4,421.7,426.45,27794251,0
8/11/2021,429.8,432.9,423.15,428.05,23827946,0
8/12/2021,430,430.45,425,427.15,16847144,1
8/13/2021,427.6,432.25,425,431.2,20908992,1
8/16/2021,430,434,424,424.85,17608693,1
8/17/2021,424.85,425.85,415.25,421.5,22957877,0
8/18/2021,422.15,424.35,418,419.7,17668574,0
8/20/2021,415,417.35,405.15,406.7,25541790,0
8/23/2021,411.1,413,401.25,409.5,26559937,-1
8/24/2021,409.5,418.75,408.2,417.6,19012313,0
8/25/2021,419,421.3,414.3,416.25,16410980,0
8/26/2021,414.5,415.8,410,410.75,15897679,0
8/27/2021,410.35,414.35,407.5,412.45,15090541,0
8/30/2021,414.4,423.3,413.5,422.7,20308691,0
8/31/2021,423.85,427,418.7,426.05,26262421,0
9/1/2021,427.5,432.55,425.15,429.9,18776721,1
9/2/2021,431.4,433.5,427.75,429.75,14372717,1
9/3/2021,431.25,434.3,428.2,431.4,14233624,1
9/6/2021,432,433.85,430.05,431.05,10694099,1
9/7/2021,431.05,431.7,425.1,429.1,14928735,0
9/8/2021,429,435.4,427.35,431.35,22817464,0
9/9/2021,430.25,433.8,430,432.3,9662128,0
9/13/2021,430.1,433.8,428.8,432.85,9567921,1
9/14/2021,435,436.75,432.25,433,9981562,0
9/15/2021,433,445,431.45,443.85,22181568,0
9/16/2021,444.85,466.1,442.75,463.7,42637448,0
9/17/2021,468,471.9,450.35,454.1,41529478,1
9/20/2021,449.4,453.5,435.65,437.45,18376916,1
9/21/2021,440.15,441.35,432.65,438.8,17279588,0
9/22/2021,438.9,442.8,436.1,438.85,14321143,1
9/23/2021,442.4,451.15,442.05,449.8,20516770,1
9/24/2021,451.1,451.9,440,440.75,10731274,-1
9/27/2021,444.9,450.55,442.25,446.6,11746892,1
9/28/2021,449.2,455.8,439.6,444.9,19241170,0
9/29/2021,441.85,462.3,439.1,460,38635938,0
9/30/2021,459.95,464.9,451.4,453,26530369,0
10/1/2021,448.5,455.55,443.8,451.65,14777309,0
10/4/2021,453.8,464.4,451.6,463.15,16246765,0
10/5/2021,462,469,458.7,464.7,16487568,1
10/6/2021,465,471,453.65,457.2,19056690,0
10/7/2021,462.1,464,457.1,457.9,9984651,0
10/8/2021,461.9,464,454.25,458,16521128,0
10/11/2021,460,474.95,458.65,469.25,20686981,0
10/12/2021,470,484.4,468.1,483,33763609,0
10/13/2021,486.15,486.15,478,481.7,17638983,0
10/14/2021,482,493.9,482,490.6,23431826,0
10/18/2021,494,501,491.7,497.95,20084248,1
10/19/2021,500.35,504.2,483.25,488.2,20645100,1
10/20/2021,488.8,507.5,483.1,499.9,34080545,0
10/21/2021,504.9,506.5,491.75,502.95,20808243,0
10/22/2021,504.6,508.7,500,502.95,24080485,0
10/25/2021,506.5,515.45,497.85,506.5,35619415,0
10/26/2021,507.6,518.2,507.6,512.55,21107457,0
10/27/2021,513.7,526.85,512.75,519.15,29463032,1
10/28/2021,519.6,520.55,497.6,501.35,28140401,0
10/29/2021,501.5,512.65,488.4,502.15,31355893,0
11/1/2021,508.5,516.95,501,515.7,20679604,-1
11/2/2021,514.8,525,512.05,521.7,26797820,1
11/3/2021,524,542.3,515.2,527.65,80775924,1
11/4/2021,531.5,535.9,528.05,530.45,9796046,1
11/8/2021,534.45,534.45,516.45,523.25,36802110,1
11/9/2021,526.25,532,522.2,529.15,25451967,0
11/10/2021,525.55,528.5,521.5,524.4,15805538,0
11/11/2021,522.85,522.85,507.1,509.6,23086898,0
11/12/2021,512,513,502.7,511.35,19836221,1
11/15/2021,512.4,515.9,505.5,506.55,13328183,0
11/16/2021,507.4,507.4,493.5,495.1,19553216,0
11/17/2021,493.85,505.4,491,498.15,20488483,1
11/18/2021,499.1,506.2,492.3,503.8,22471070,0
11/22/2021,506,506,477.5,486.4,28800269,0
11/23/2021,485.25,495.4,480,493.05,20000371,0
11/24/2021,495.8,500,489.05,493.15,13963769,0
11/25/2021,490,495.45,486.3,490.55,12894211,0
11/26/2021,486.25,487.9,467.1,470.5,26305817,1
11/29/2021,470,477.75,454.3,465.1,22407465,0
11/30/2021,468,477.25,458,460.55,23026652,0
12/1/2021,464.45,477.25,464,475.3,17156956,1
12/2/2021,474.5,478.15,470.95,477,12962679,0
12/3/2021,475.75,481.5,470.05,473.15,16653993,0
12/6/2021,473.15,477,463.8,465.3,14353300,0
12/7/2021,469.2,479.7,469.2,476.7,13644942,1
12/8/2021,480.9,492.4,480.25,491.55,20397660,1
12/9/2021,492.3,493.5,486.1,488.65,12560970,1
12/10/2021,488.5,495.95,484.4,494.7,13261408,-1
12/13/2021,497.75,500.45,486.35,487.8,14047645,0
12/14/2021,486,490.35,481.8,488.55,11642447,0
12/15/2021,490,491,483.5,484.8,8639835,1
12/16/2021,488.35,490.55,478.25,481.15,11107781,0
12/17/2021,480.05,481.4,466.5,467.8,12648603,0
12/20/2021,459,464,443,449.2,22336114,0
12/21/2021,457.05,458.25,444.5,446,16617447,0
12/22/2021,450,457.3,449,455.85,13102553,0
12/23/2021,461,465,457.75,461.8,14471377,0
12/24/2021,462.6,463.6,452.2,456.95,13221159,0
12/27/2021,453.7,460.5,450.55,458.05,8856482,0
12/28/2021,461.2,462.9,459.05,461.2,8832210,0
12/29/2021,461,462.15,451.4,454.4,11757303,0
12/30/2021,452.75,454.9,448.5,451.7,28879190,1
12/31/2021,454.25,461.4,453.1,460.45,10005842,0
1/3/2022,462,472,460.1,470.8,13124509,0
1/4/2022,472.5,484.7,471.05,483.5,23296671,1
1/5/2022,481.9,495,479.15,492.4,24694169,0
1/6/2022,487.7,494.4,485.4,491.7,18190843,0
1/7/2022,493.45,501.95,489.45,491.25,22746330,0
1/10/2022,493.35,504.95,492.5,503.65,15832274,0
1/11/2022,503,507.8,499.25,505.95,16107950,0
1/12/2022,509.9,513.5,508.5,510.25,14489616,0
1/13/2022,510,512.85,507,511.35,10450974,0
1/14/2022,509,510.35,505.15,508.35,8724574,0
1/17/2022,508,518.9,507.55,514,17422211,1
1/18/2022,514,517.45,505,506.8,12592506,0
1/19/2022,505,517.65,500.3,515.8,16079457,1
1/20/2022,516,519.15,508,511.4,17724642,0
1/21/2022,505.3,507.5,498,502.7,16947941,0
1/24/2022,502.4,506.8,488,494.15,20233933,0
1/25/2022,490,517.5,489,514.65,21791739,1
1/27/2022,503.55,530.85,503.2,528.95,35409230,0
1/28/2022,534,536.4,521.4,523.45,24715250,-1
1/31/2022,529,540.9,527.05,538.3,28674232,-1
2/1/2022,543.95,543.95,520,532.3,32245356,1
2/2/2022,536.65,544.25,531.35,539.8,21661864,0
2/3/2022,537.15,544.7,537.15,540.1,22717677,0
2/4/2022,542.15,546.4,527.3,530.3,25332894,0
2/7/2022,531.9,549,525.25,533.25,52289545,0
2/8/2022,535.5,537.65,519,531.35,26567546,0
2/9/2022,534.95,536.5,527.75,535.25,14856155,-1
2/10/2022,537.1,543.95,534.4,540.55,18659370,0
2/11/2022,536.25,537.7,527.1,529.6,14607095,0
2/14/2022,515,515.6,499.7,501.4,26153332,1
2/15/2022,502,526.85,497.1,524.8,23842951,1
2/16/2022,526.5,528,514,516.7,19773807,0
2/17/2022,520,520,511.15,512.95,16408356,0
2/18/2022,510.1,520.9,510.1,515.3,15111223,1
2/21/2022,511.55,517.5,504.65,511.85,16866932,1
2/22/2022,500.9,505.3,495.5,498.4,27108772,1
2/23/2022,503,505.35,497.25,498.7,13899433,0
2/24/2022,480,487.95,468,472.65,32356037,0
2/25/2022,480,491.9,479.3,482.95,21792287,0
2/28/2022,476.9,485.3,473.1,483.2,18069367,0
3/2/2022,478,479.8,467,474.25,22003848,0
3/3/2022,480,483.4,464.6,467.4,20358590,0
3/4/2022,460.3,470.9,457.65,461.95,20684268,0
3/7/2022,447.5,453.95,433.45,440.3,33720472,0
3/8/2022,438,442.1,425,440.3,42510207,1
3/9/2022,442,454.3,438.55,451.7,32331325,1
3/10/2022,469.9,476.65,461.65,468.7,34553299,0
3/11/2022,466.4,474.8,462,470.35,22091309,1
3/14/2022,471,486,470.55,485.15,27750689,0
3/15/2022,489,490.5,480.65,485.85,27204899,0
3/16/2022,493,494.3,489.4,492.75,16211288,1
3/17/2022,499,503.5,498.3,501.9,22947673,0
3/21/2022,502,502,489,490.6,19064060,0
3/22/2022,490.6,495.8,477.25,493.7,26157969,-1
3/23/2022,498.5,502.4,489.2,490.65,15800195,0
3/24/2022,485,494.8,483.5,487.1,18174877,0
3/25/2022,491.75,493.3,486.6,490.7,11541196,0
3/28/2022,490.95,498.6,481.95,497.5,16738684,1
3/29/2022,500,501.4,491.7,495,14301429,1
3/30/2022,499.3,500.4,492.3,494.3,16461225,0
3/31/2022,494.3,497.55,492.2,493.55,10240982,0
4/1/2022,491,509.75,491,508.2,18527226,-1
4/4/2022,509.3,514.9,506,512.4,16257176,1
4/5/2022,514.4,516.4,507.7,509.4,13602384,1
4/6/2022,507,515.2,506,513.95,13738275,-1
4/7/2022,510.05,519.9,510.05,514.95,19620958,0
4/8/2022,519.5,519.5,512.35,516.1,13572638,0
4/11/2022,513.5,522,513.2,514.9,12370288,0
4/12/2022,512.75,516.7,504.35,512.85,14460680,0
4/13/2022,514.3,520.9,513.75,517.7,15440525,1
4/18/2022,512,515,504,509.5,14492183,1
4/19/2022,513.25,520.95,505.1,511.8,20362934,1
4/20/2022,512,513.7,507,509.3,11881305,1
4/21/2022,513.4,518,512.2,516.3,10035638,0
4/22/2022,512.9,513.5,499,500.6,16760456,1
4/25/2022,495,499.2,490.05,494.75,14057444,1
4/26/2022,499,507.9,498.45,505.5,12137213,0
4/27/2022,500,502.8,491.85,497.25,12367342,0
4/28/2022,499.15,510,496.5,507.5,12154792,-1
4/29/2022,508.1,512.5,494,496.3,12894773,0
5/2/2022,492.65,495,481.3,491,18590895,0
5/4/2022,492,496.45,477.5,479.65,14645323,0
5/5/2022,485,494,478.65,480,14130385,0
5/6/2022,471,486.1,471,483.95,16710020,0
5/9/2022,477.1,483.7,473.8,475.9,13544947,0
5/10/2022,477,482.55,473.5,475.2,10884328,0
5/11/2022,475.25,479,463.65,476.55,14771351,0
5/12/2022,473,473,456.35,462.65,18947096,0
5/13/2022,469.45,477,439.75,444.65,61403008,1
5/16/2022,445,461.5,438.85,455,27940958,1
5/17/2022,458.3,469.65,456.15,467.3,16880698,0
5/18/2022,467.9,468.6,457.1,458,15644497,0
5/19/2022,449.05,450,444.45,447.5,14201420,1
5/20/2022,454.85,464,454.15,462.4,13596860,0
5/23/2022,463.1,471.4,459.5,460.9,13499415,0
5/24/2022,462.4,466.8,460.2,462.05,17175179,0
5/25/2022,461,464.45,452.05,454.1,12728644,0
5/26/2022,456.85,470.1,452.5,468.9,17055257,0
5/27/2022,471.4,475,467.5,468.95,10977001,0
5/30/2022,473,476.9,471.1,474.6,9365470,1
5/31/2022,474,476.4,465,468.1,15441579,0
6/1/2022,468,472,464.7,468.3,9424008,0
6/2/2022,466.9,472.35,466.15,469.85,9370989,0
6/3/2022,473.25,475.5,463.5,464.5,11306291,1
6/6/2022,464.2,465.6,456.5,463.7,10661432,1
6/7/2022,461.85,465.95,460.5,463.4,7672515,1
6/8/2022,466.6,475.55,463.2,471.3,17168871,1
6/9/2022,468.95,470.9,462.45,466.95,12635601,0
6/10/2022,462,464.15,458.6,461.85,8621104,0
6/13/2022,454,454.05,442.1,445.85,13426836,1
6/14/2022,445,449.25,443.35,448.1,11351101,0
6/15/2022,448.95,455.45,448.6,451.35,9920926,1
6/16/2022,455.15,457.75,440.15,441.6,10780703,0
6/17/2022,440,447.55,437.25,441,14326050,0
6/20/2022,441.5,443.45,430.7,434.7,12368534,0
6/21/2022,439.5,454.95,437.6,450.75,13801891,0
6/22/2022,448.75,451.2,444.65,447.65,11066447,0
6/23/2022,449,456.45,446,451.4,12229833,0
6/24/2022,455.8,460.35,453.2,454.25,10833364,1
6/27/2022,459.95,464.85,458.05,461.2,9509175,-1
6/28/2022,458.9,465.75,458,464.25,13261290,1
6/29/2022,460,462.7,458,459.1,11800876,1
6/30/2022,459,469.3,458.6,465.9,16926328,1
7/1/2022,463.35,468.8,460.55,466.85,9405495,1
7/4/2022,466.85,474.15,466.85,473.45,9186358,0
7/5/2022,475.15,480,471,472.15,12003244,0
7/6/2022,475.15,481,473.9,479.95,12059857,0
7/7/2022,484,488.25,481.6,486.75,11497832,0
7/8/2022,489,489.9,485.15,488.55,9057231,0
7/11/2022,485,491.3,485,488.2,7704792,-1
7/12/2022,485,491.35,483.1,484.95,7364457,0
7/13/2022,487.75,492.45,484.55,486.5,8208853,0
7/14/2022,486.6,488.9,476.8,479.35,9385630,0
7/15/2022,482.55,484.4,474.7,479.1,6945602,0
7/18/2022,484.55,491.5,482.1,490.3,9934786,1
7/19/2022,488,498.55,488,497.95,11724183,0
7/20/2022,501,510.6,500.4,508.6,19280117,0
7/21/2022,509.8,513.4,506.75,512.05,13814893,1
7/22/2022,513.45,520.2,511.2,513.7,14699129,1
7/25/2022,513.4,519,509.15,517.8,10229778,-1
7/26/2022,517.7,520.8,513.1,514.2,8862656,0
7/27/2022,515.3,529.95,512.25,528.2,15101546,1
7/28/2022,533.2,537.5,529.55,532.45,12160734,1
7/29/2022,535.05,537,526.75,528.35,11921058,0
8/1/2022,529.05,535,526.4,533.75,8295631,1
8/2/2022,531.9,544.9,531.1,542.1,16845027,1
8/3/2022,541.9,546.4,534.65,540.85,24262125,0
8/4/2022,543.65,544,524.2,533.25,18072293,1
8/5/2022,535.55,542.9,529,531.05,21110734,0
8/8/2022,524,524,513.85,520.4,32566317,1
8/10/2022,521.55,523.5,513.4,514.7,16904151,0
8/11/2022,520,526,517.2,524.75,13862195,-1
8/12/2022,525.7,531.8,525.15,530.7,12154012,0
8/16/2022,533.3,533.85,525,525.95,10721167,1
8/17/2022,528.85,530.55,524.35,528.15,12054183,0
8/18/2022,526.85,534.8,526.2,532.35,9013662,1
8/19/2022,532,533.65,518.5,520.35,11087222,0
8/22/2022,519,519.9,510,511.3,9676954,0
8/23/2022,508.25,524,508.25,521.9,8597965,0
8/24/2022,519,523,512.3,519.3,11930650,0
8/25/2022,521.95,528.3,518.5,520.4,15473450,0
8/26/2022,523.8,529.5,522.2,523.8,12855886,0
8/29/2022,511.3,517,508.75,514.85,9421339,0
8/30/2022,518.2,532.5,517.95,531.25,14835308,0
9/1/2022,522.25,540.9,522.25,533.3,16670228,1
9/2/2022,537,537.85,531.25,536.7,10017930,0
9/5/2022,537,540.8,536.3,538.9,7819994,1
9/6/2022,538,542.7,534.1,537.8,8657868,1
9/7/2022,534.4,537.45,531.55,532.85,8445359,1
9/8/2022,536,546.3,535.5,544.65,12240707,0
9/9/2022,549.65,557,548,553.35,18587927,-1
9/12/2022,554.9,558.6,551.25,554.9,9677415,0
9/13/2022,560,560,553.75,558,16707275,0
9/14/2022,550,574.85,549.25,571.75,21632641,1
9/15/2022,572.55,578.5,567.9,572.15,12749947,0
9/16/2022,569.1,574,560.3,561.8,14739280,1
9/19/2022,560.7,574.4,559.55,572.25,11194003,0
9/20/2022,577.95,577.95,572.85,574.05,8484017,0
9/21/2022,575,577.3,565.4,569.7,9392526,0
9/22/2022,566.75,574,562,567.3,11869435,1
9/23/2022,564.8,568,549.5,550.6,12563239,0
9/26/2022,545.8,549,533,543.3,16158750,1
9/27/2022,544.55,550.9,533.2,536.5,11066799,-1
9/28/2022,532.9,539.8,520.35,524.85,12233485,0
9/29/2022,529,535.7,519.55,521.75,17310168,1
9/30/2022,524,536.9,516.15,530.6,17466950,0
10/3/2022,527.6,531.65,518.5,519.75,9351162,0
10/4/2022,533,535.8,527.8,532.7,8745887,1
10/6/2022,534.6,541.8,534.6,537.3,9507322,-1
10/7/2022,535.5,535.6,526.55,530.2,11065307,0
10/10/2022,525.7,533.9,522.2,530.75,9649292,0
10/11/2022,530.75,533.7,525.5,527.4,10825440,0
10/12/2022,530,535,526,533.8,8522604,0
10/13/2022,533,533.8,520.2,521.45,12972765,0
10/14/2022,530.2,534.85,526,527.2,8545479,0
10/17/2022,526.4,544.7,524.2,543.65,13485349,0
10/18/2022,547.1,563.5,546.75,562.45,20440781,1
10/19/2022,563,563.45,551.55,553.4,9540583,1
10/20/2022,552,556.8,545.3,555.4,11225588,0
10/21/2022,557.25,565.8,557.25,560.85,11767639,1
10/24/2022,567,572.5,565.9,570.5,3692065,0
10/25/2022,572.5,586.2,568,578.55,19899324,0
10/27/2022,583.95,585,577.6,579.65,13613533,0
10/28/2022,579.95,582.65,567,570.75,10043644,1
10/31/2022,574.95,577.45,568.4,573.8,9894639,0
